name,slug,id
"'Ôrəbella",r-bella,e1b3ff61-359c-45fb-b9bd-5842de81fe63
"1400 Below®",1400-below,0d7f2051-5bec-4f18-9a5d-8deded6842e5
"4-Legger",4-legger,a2d8f7a9-1837-45b4-9c45-335b886dc030
"54 Thrones",54-thrones,ab12dbf0-5c63-4572-9426-2b0a9b43c8c4
"8 FACES",8-faces,4549ed41-5b34-4d9f-99a9-bdbb37bcbc0d
"A House on the Moon",a-house-on-the-moon,4f83b9fb-6669-4e66-9276-620dc896791c
"Abbott NYC",abbott-nyc,e84753bb-9b0f-407b-9329-9a3988fd3d83
"Ahura New York",ahura-new-york,768e25f4-bb41-4d81-9f33-00a85d4e4061
"Akla",akla,6d0a4173-2605-41ec-89af-294cd821cf2f
"ALEVA NATURALS",aleva-naturals,8580a60c-a4da-4274-a137-ef8e2ea3092d
"All Natural Advice",all-natural-advice,8f212605-c7ee-4ad4-aa38-9f0080f6a73b
"All Things Jill",all-things-jill,d2fb34ab-03ed-454d-a5a4-9795f65a771e
"ALŌH",al-h,c4570143-2c1e-41bd-affb-e5b44d66075a
"Alpha Organics",alpha-organics,41488f4e-984d-4531-bc37-a3068bb59d81
"Alter:Bio",alter-bio,48e29fec-fc63-439e-b403-a33417076355
"Altruist",altruist,0d59a06e-7a02-4966-a1fb-2179f79d48df
"ANGEL HOLD™ STYLING CREAM",angel-hold-styling-cream,0e9ed112-5853-4e11-b8fd-26a37ad8c97f
"Angelstick®",angelstick,b5e84da8-1a6f-4d20-b06a-213de4abeff2
"Annie Fannie's Sunshine LLC",annie-fannie-s-sunshine-llc,14d32ebe-f242-40d4-bf47-0c18f6601872
"AOB Products",aob-products,a46408e3-bd54-4e33-a4ce-0fbf8766f6f1
"Asna Beauty",asna-beauty,ba543bb1-9857-4d59-8edc-5e52a41d829c
"asthetik skincare",asthetik-skincare,bb19fec1-5e1a-4481-ab55-af58d54b1ec7
"Athletic Hands",athletic-hands,66a614ec-466e-4094-bcef-b625aaef9ee5
"Aura Hair + Body Mist™ Toasted Sugar",aura-hair-body-mist-toasted-sugar,77f51e22-26ab-4af6-b8fa-84cbbefe9f41
"Aura Hair Mist™",aura-hair-mist,4d46d95f-22fc-4892-a623-9825a93b4005
"BALM! Baby",balm-baby,04319f73-03e7-4f92-9bea-4e128608e27f
"BeautyStat",beautystat,e77b341f-e82a-4468-ba8e-012d065e6664
"Before",before,3f40196f-e40b-4a23-9587-707a0cc8783c
"Belly's Candle Co.",belly-s-candle-co,97848701-d99b-42e8-8e1d-a049a8bce16b
"Belnu",belnu,db16a8a4-4b36-427f-8a42-19ef51bc238c
"Below 60",below-60,a262ae7f-35c7-4712-ad8d-1b60dfefdd8e
"Billie Eilish Fragrances",billie-eilish-fragrances,ded6d082-0d55-4e5a-9a63-1683190c4cb4
"Birdbath",birdbath,52961ff9-1b6b-4c60-95f5-0ceb4bb5e08f
"Blush",blush,33b1649d-8444-4d7f-872a-f41dbd0f09ce
"Bomb Cosmetics",bomb-cosmetics,d8aff499-5ca5-4fb9-b755-8e73fc08164d
"browtopia®️",browtopia,d4e5bc7a-6426-47ba-b0c1-6783b5e713e7
"BTArtboxnails",btartboxnails,90c3de3d-2af6-4206-8d52-a13268c8f27f
"Caboo Paper Products",caboo-paper-products,a2e942a6-1a93-4af6-acf2-2542d3c0a433
"California Biology",california-biology,ed472787-beed-4cf0-bf89-beb821efe1ee
"Captain Blankenship",captain-blankenship,0a4637b9-632c-4540-b9cc-23f1c3f05c30
"Car~Pourri",car-pourri,d6f36eee-648a-4210-85a0-bd20477f4c4e
"Careeon",careeon,e928dc45-f52a-4bdf-9031-cbffe081a01a
"Chance of Sunny",chance-of-sunny,08737c94-0a53-45bf-95b4-298c221f4684
"Chic Puppy",chic-puppy,d240cca5-6475-4724-8ee2-2abf31dd8616
"Clean",clean,75086fa3-9ab0-474a-8dc8-f91c3d60da26
"CleanBoss",cleanboss,ecbee063-a613-437f-9938-cf1b76760d1a
"Cleo+Coco",cleo-coco,edda7cf6-a19e-4bda-b165-f193c58d8441
"Common Ground®",common-ground,7ee2c72d-9ed1-445c-93df-15ada60ea252
"Crepe Erase",crepe-erase,4e758d9b-44fc-45ac-b45f-68a0a653b04f
"Crooked Chaps",crooked-chaps,72452fa2-965a-4861-bebc-64363b3537c7
"Curl Cardio",curl-cardio,13460415-7176-49e7-a0b9-abdfba02d52c
"DAME",dame,3897398b-8eca-47c3-a568-e4fac13b3bf2
"Daringly Good Organics",daringly-good-organics,7b034c4a-c336-4bd6-a5b7-4d0dced0b262
"Davids",davids,86c220f7-986d-4b4b-a1c9-9fe521721318
"DefineMe Fragrance",defineme-fragrance,7748c8aa-53ab-4085-bcf1-8be3e1050788
"Diana Madison Beauty",diana-madison-beauty,67138e67-2ce8-4097-a7b5-838ebfdece4a
"Doctor Butler's",doctor-butler-s,8fff9b4c-1a61-4973-9386-3a681dc4a0aa
"Doggy Do Good",doggy-do-good,efab9cd4-fefa-428d-9209-c3d913f3d5b1
"Dogtor Doolittle Pampered Pet",dogtor-doolittle-pampered-pet,721274d3-3829-4378-91c8-bd840221e21e
"Dr. Alkaitis",dr-alkaitis,0d7896c9-a272-43ef-b4fb-50b32088bab2
"Dr. Arsy",dr-arsy,9b4e5594-1224-4f54-bc69-c82d1657dce3
"Dr. Lift",dr-lift,e3387dc0-9ecf-474a-94ab-4dceec56a5aa
"Dr. Sylma",dr-sylma,0f2732f2-64e2-4e0e-b484-e2cd444d743c
"DR.HC",dr-hc,7399adc3-e543-46f6-b802-8af3c0a8e8ef
"Dream Crème™",dream-cr-me,ef1c6e51-a70a-4b44-805b-45692e04cb5d
"Dream Labs",dream-labs,166b7671-2bd5-43b3-84a8-52d8630181af
"Dropps",dropps,251d5c20-520c-4c0d-b149-1e3fd8a3f79a
"Earth Harbor",earth-harbor,4571ab7e-7311-4fb2-942d-5e324b14e748
"Eco Me",eco-me,8f119711-1532-4e09-807e-4bb2804195df
"Ecolosophy",ecolosophy,337bdbef-987b-4d56-8014-4a9e486b44ec
"Eden Life Organics",eden-life-organics,cf1900aa-bb09-4b4c-808f-4995ea2147c3
"Elixir Naturals",elixir-naturals,04dfeb61-0009-4211-9575-01772c7d8f15
"Epsoothe™",epsoothe,fbc1b983-81a9-4a49-bb09-fe310959f988
"Esembly",esembly,548944a8-23e0-495a-a66d-5ab9ae24df4a
"ESNTL LVG",esntl-lvg,742f7d1a-d66e-4461-8ed0-a046c9ccf331
"Essentialist Inc.",essentialist-inc,71b65b5d-4ec2-4260-ae85-142702dc8368
"Everyday Oil",everyday-oil,5e6bb4c5-1a3f-4ca6-b802-8af941587f97
"Everyone",everyone,d55abd4a-fb57-4c52-bae2-01f4dad547ef
"Evolve Botanica",evolve-botanica,9aa03852-7c79-4d36-a5c3-961f409a7033
"Evolved By Nature",evolved-by-nature,199376a6-8d49-41ac-946d-4a8ba3865c89
"EXCESSKIN",excesskin,522068ee-f869-48f4-81f2-66d4675e5c9c
"Fate Naturals",fate-naturals,fd5ed6f6-013b-444c-88c1-a27bbf6ef1b7
"Feel",feel,cfaddb7a-c9d2-435f-9f23-f2726585c65c
"Ferreira Signature Line",ferreira-signature-line,27c26bf8-8db7-4bc1-b4ac-adf0dc552a88
"Finny Rute",finny-rute,ec63febe-caae-4936-abb1-3e65273b31ea
"First Honey",first-honey,6d836f04-3102-40d9-b858-1df0b8043d85
"Fit Organic",fit-organic,40b89410-78e7-418a-9879-1c9ec0ec9764
"Flonatix",flonatix,ac61d1c9-73a6-4550-ad91-8eb0da29e1cb
"Flora + Bast",flora-bast,e576ec33-25cf-4470-bc34-3c4eb7a068e4
"Floral Spell",floral-spell,41033df8-5111-4d8e-ba5f-0e71c0a796c1
"Floralisse skincare",floralisse-skincare,73dee46a-a238-427b-8122-8fa2ce46c647
"Floris London",floris-london,a28402b5-091e-4705-a4c3-d0a7e04d5fbf
"Flowers Atelier",flowers-atelier,e5e046f0-d5f9-4580-bbf1-5fe56e1a0b34
"FOOPE™",foope,a91fcd64-7bc1-4a43-a87c-893ddbf9d8ec
"Forces of Nature",forces-of-nature,a3bf75f8-c50e-45c9-9a3b-7aa3c01015b5
"Forest Rhapsody Skincare",forest-rhapsody-skincare,7561fdbe-e5ce-4787-bcb9-c31cd8fa05c9
"Forgotten Skincare",forgotten-skincare,d896be36-c381-48d3-a091-0af8e9fd12d9
"Fortae",fortae,e7c14184-0d95-4ca3-99fd-ae73055a2d5d
"Fragrance by Sabrina",fragrance-by-sabrina,6d14e8f6-3d53-4950-899d-4779d7893f9d
"Frankie & Paisley",frankie-paisley,2ade76ba-b370-4e38-bf66-64a7fa1296e3
"Fresh Wave",fresh-wave,4eef9e55-5e65-4742-b20d-464c5449c024
"Gardener's Dream",gardener-s-dream,c3642464-c3c4-4228-aeb3-95b31fcf8ebc
"Gazing Green",gazing-green,d00dff67-6eff-4cf2-b4b3-1d4fa641403d
"Gelly Bae",gelly-bae,92b27112-4c08-4340-9a4d-330e46d345b5
"GEMSTHETIX",gemsthetix,157853fd-e662-4d88-a2db-80f92179ee5f
"Genial Day",genial-day,9bb735a2-55bc-434d-867d-a90ad3389dc8
"Gleam",gleam,9b94d2aa-0795-4f54-81e1-61893f96a065
"Good For You Girls",good-for-you-girls,7b8e2b59-fc4a-44e1-be0b-9d34ec844a8f
"Good Juju Body & Home",good-juju-body-home,f4a4be72-6ab3-4030-908b-93ebf53a290b
"Good Life Solutions",good-life-solutions,6999a4f4-e6ed-47c5-85c9-d0704689cfb3
"Goodspread",goodspread,6c34d19d-2b3b-4080-a96e-48213268946f
"Gray Away",gray-away,713ba652-c338-4852-b092-f3b3501de577
"Greater Than Beauty",greater-than-beauty,6dc791a0-1b9a-4e8c-96ca-45d0ff5d279c
"Green Bee Botanicals",green-bee-botanicals,3b3ce406-7cdf-4015-8527-9d2aba1f5146
"Green Llama",green-llama,d00b97be-663c-4ea3-a1ef-e709789e6a6a
"Grounded Sage",grounded-sage,5fefe67a-e22b-4686-82af-579f6cada3d7
"Grow Fragrance",grow-fragrance,14b4af8f-ec3c-4cc4-81ef-325311291e24
"Guanology",guanology,19fb9cc8-61ad-41ba-b062-dc13a52e08df
"Guests on Earth",guests-on-earth,7abaad75-5807-4e32-89eb-9ae507fdcf8e
"GuruNanda",gurunanda,a19a115c-37fa-481c-a314-3a098a568928
"Hally",hally,4ee8eb71-4047-4c69-ba26-21f952456c2c
"Hand over Heart",hand-over-heart,af3b88ba-461f-4da4-88e7-be1403d57358
"haruharu wonder",haruharu-wonder,334da662-5e9f-4d68-b2a3-d525659a392d
"healthy hoohoo®",healthy-hoohoo,35859120-79d4-40cd-b84d-516f3027bb48
"Hello Products",hello-products,f9a20261-009b-4707-87ed-2e4a86752b8d
"Henry Rose",henry-rose,50c9b17b-8464-4897-9988-b8d33d2b0822
"Herbitual",herbitual,b358cd8b-bd3e-46fe-abd0-ba5154863c80
"High On Love",high-on-love,e179e374-d5af-4ab7-8ab9-56befbae8fa6
"High Vibe Aromatics",high-vibe-aromatics,ea4773c6-d131-4ffa-831b-bf8ad5a87808
"Holistic Body Care LLC",holistic-body-care-llc,09b895ea-317d-480b-a9fe-423710e94ef9
"Home~Pourri",home-pourri,236ed138-6a77-419b-a431-aec2112ff4c4
"HOMMEFACE",hommeface,7da5069d-6f66-418d-a2ee-4c8a4fc6de96
"Honestly pHresh",honestly-phresh,498ed6c8-a90e-44b3-b9bf-01b8a84facda
"Huppy",huppy,5e89dac5-6f6d-4c10-9362-676491a378b8
"I Luv It",i-luv-it,9928d5ca-cc54-4488-9456-6b7ba80deba4
"IGK",igk,3251b567-9797-406a-a5ff-7ed6e06af528
"Immaculate Minerals",immaculate-minerals,f34f5dd3-1360-4462-a5fc-91f0c9014c9a
"Ink Kare",ink-kare,503739ee-9129-49a8-ba3f-7e1d5cc95787
"inShield Washer",inshield-washer,6a06841c-45a3-4575-9d7f-9862823081f3
"Ivy & Elder",ivy-elder,88bb0144-d88f-4b7f-808d-81a571521283
"Jadu Beauty",jadu-beauty,811888de-17de-4714-898e-1dbe54cecd80
"Jordan Samuel Skin",jordan-samuel-skin,c9ab1a25-9227-437b-bf36-22b2721cf3be
"Kashmir Pink®",kashmir-pink,15d0d4f6-88ae-4ca1-bf96-1dbac7be2fa3
"Kaylaan",kaylaan,36f83eeb-7d3c-4972-85eb-0dbc271989f2
"LA SALT CO®",la-salt-co,6d935014-e9f6-4b34-bd82-5635406607d3
"Layermor Fragrance",layermor-fragrance,b56c272e-6946-4f13-b85c-cb3f6d55a2fb
"Liberation Nails",liberation-nails,6729992d-747f-42b6-a10b-c812b63967e4
"Lil Luv Dog",lil-luv-dog,99a147c3-f0a4-4141-8aa8-46790bfa0c85
"Loïc Or",lo-c-or,d42e1504-1383-4e40-818f-75a0c153e716
"Longhom®",longhom,94d2504a-eef6-4460-ae23-31f8c857d38a
"Loomi",loomi,f9257f02-3095-4703-aa5a-1e0cf5758174
"Love and Happiness",love-and-happiness,55a75b10-f5bd-4a44-a44b-a9ad37ea0851
"Lustre Love",lustre-love,1dcbc9a9-cd55-44f4-8451-5c1658bdeadd
"Luxe Wix Candle Co.",luxe-wix-candle-co,f97b8d7c-2805-4fb8-8d5a-f391bd421e99
"M.D. Blend",m-d-blend,6837452d-c413-4dca-8035-e2efea290381